Call number,Customer ID,Duration,Representative,Date of Call,Purchase Amount,Satisfaction Rating,FY,Day of week,
Call_7271,C0003,116,R05,1-Jan-23,128,4.9,2023,Sunday,
Call_7272,C0004,119,R05,1-Jan-23,135,2.9,2023,Sunday,
Call_7273,C0005,68,R02,1-Jan-23,66,4.7,2023,Sunday,
Call_7274,C0014,119,R02,1-Jan-23,22,2.9,2023,Sunday,
Call_7275,C0011,128,R01,2-Jan-23,31,2.8,2023,Monday,
Call_7276,C0011,49,R02,3-Jan-23,135,4.8,2023,Tuesday,
Call_7277,C0007,84,R05,3-Jan-23,60,4.7,2023,Tuesday,
Call_7278,C0003,103,R04,3-Jan-23,148,4.4,2023,Tuesday,
Call_7279,C0005,31,R02,3-Jan-23,135,3.6,2023,Tuesday,
Call_7280,C0010,44,R03,3-Jan-23,105,2.9,2023,Tuesday,
Call_7281,C0011,102,R02,3-Jan-23,69,4.9,2023,Tuesday,
Call_7282,C0013,135,R05,3-Jan-23,46,3.4,2023,Tuesday,
Call_7283,C0002,98,R02,4-Jan-23,108,3.5,2023,Wednesday,
Call_7284,C0010,139,R02,4-Jan-23,96,4,2023,Wednesday,
Call_7285,C0013,48,R01,4-Jan-23,68,4.9,2023,Wednesday,
Call_7286,C0010,176,R05,5-Jan-23,24,4.8,2023,Thursday,
Call_7287,C0010,99,R01,5-Jan-23,195,3.9,2023,Thursday,
Call_7288,C0009,28,R03,5-Jan-23,28,3.8,2023,Thursday,
Call_7289,C0007,54,R02,5-Jan-23,170,4.3,2023,Thursday,
Call_7290,C0006,48,R05,6-Jan-23,30,4.4,2023,Friday,
Call_7291,C0004,128,R05,6-Jan-23,72,5,2023,Friday,
Call_7292,C0004,38,R04,7-Jan-23,92,4.9,2023,Saturday,
Call_7293,C0003,67,R04,8-Jan-23,165,4.5,2023,Sunday,
Call_7294,C0015,58,R02,8-Jan-23,140,2.1,2023,Sunday,
Call_7295,C0010,54,R01,8-Jan-23,111,3.3,2023,Sunday,
Call_7296,C0012,28,R05,9-Jan-23,63,4.1,2023,Monday,
Call_7297,C0002,73,R05,9-Jan-23,80,4.2,2023,Monday,
Call_7298,C0011,81,R05,10-Jan-23,50,4.6,2023,Tuesday,
Call_7299,C0009,31,R04,10-Jan-23,123,2.9,2023,Tuesday,
Call_7300,C0015,155,R01,10-Jan-23,110,4.8,2023,Tuesday,
Call_7301,C0009,80,R05,10-Jan-23,140,4.2,2023,Tuesday,
Call_7302,C0011,82,R05,12-Jan-23,42,3.7,2023,Thursday,
Call_7303,C0011,29,R01,12-Jan-23,170,5,2023,Thursday,
Call_7304,C0006,160,R02,14-Jan-23,105,5,2023,Saturday,
Call_7305,C0001,105,R05,15-Jan-23,125,4.8,2023,Sunday,
Call_7306,C0009,75,R03,15-Jan-23,26,2.4,2023,Sunday,
Call_7307,C0015,94,R03,16-Jan-23,120,3.1,2023,Monday,
Call_7308,C0004,90,R02,16-Jan-23,132,3.2,2023,Monday,
Call_7309,C0015,81,R04,17-Jan-23,86,2.4,2023,Tuesday,
Call_7310,C0009,106,R05,17-Jan-23,108,5,2023,Tuesday,
Call_7311,C0004,74,R04,17-Jan-23,96,4.7,2023,Tuesday,
Call_7312,C0010,105,R02,18-Jan-23,80,4.7,2023,Wednesday,
Call_7313,C0009,89,R05,18-Jan-23,155,4.1,2023,Wednesday,
Call_7314,C0013,132,R03,18-Jan-23,168,4.1,2023,Wednesday,
Call_7315,C0001,105,R01,18-Jan-23,56,3.6,2023,Wednesday,
Call_7316,C0011,13,R03,19-Jan-23,32,4.4,2023,Thursday,
Call_7317,C0014,131,R01,19-Jan-23,78,4.4,2023,Thursday,
Call_7318,C0004,104,R05,19-Jan-23,86,4,2023,Thursday,
Call_7319,C0003,90,R02,20-Jan-23,64,3.8,2023,Friday,
Call_7320,C0012,37,R02,20-Jan-23,96,3.6,2023,Friday,
Call_7321,C0002,149,R01,20-Jan-23,72,4.3,2023,Friday,
Call_7322,C0013,100,R04,21-Jan-23,135,3.8,2023,Saturday,
Call_7323,C0013,79,R03,21-Jan-23,140,4.5,2023,Saturday,
Call_7324,C0008,157,R01,21-Jan-23,69,4.5,2023,Saturday,
Call_7325,C0013,59,R05,22-Jan-23,136,4.6,2023,Sunday,
Call_7326,C0012,83,R01,22-Jan-23,28,4.5,2023,Sunday,
Call_7327,C0008,58,R02,23-Jan-23,135,3.3,2023,Monday,
Call_7328,C0015,118,R02,23-Jan-23,126,2.3,2023,Monday,
Call_7329,C0011,63,R05,23-Jan-23,160,4.3,2023,Monday,
Call_7330,C0008,95,R02,24-Jan-23,48,4.6,2023,Tuesday,
Call_7331,C0013,74,R01,24-Jan-23,66,4,2023,Tuesday,
Call_7332,C0010,130,R04,24-Jan-23,126,2.5,2023,Tuesday,
Call_7333,C0015,110,R03,24-Jan-23,96,5,2023,Tuesday,
Call_7334,C0013,71,R05,25-Jan-23,90,3.8,2023,Wednesday,
Call_7335,C0001,147,R04,25-Jan-23,105,4.4,2023,Wednesday,
Call_7336,C0004,69,R02,26-Jan-23,40,3.8,2023,Thursday,
Call_7337,C0015,50,R05,26-Jan-23,60,2,2023,Thursday,
Call_7338,C0010,124,R04,27-Jan-23,215,4.1,2023,Friday,
Call_7339,C0005,81,R01,27-Jan-23,156,2.6,2023,Friday,
Call_7340,C0006,141,R03,27-Jan-23,54,0,2023,Friday,
Call_7341,C0006,168,R03,28-Jan-23,160,3.9,2023,Saturday,
Call_7342,C0001,101,R01,28-Jan-23,80,4.8,2023,Saturday,
Call_7343,C0013,67,R01,28-Jan-23,168,2.6,2023,Saturday,
Call_7344,C0008,114,R03,30-Jan-23,42,2.6,2023,Monday,
Call_7345,C0005,42,R01,30-Jan-23,205,3.6,2023,Monday,
Call_7346,C0011,69,R03,30-Jan-23,108,3.3,2023,Monday,
Call_7347,C0010,145,R02,30-Jan-23,78,1.9,2023,Monday,
Call_7348,C0004,43,R03,30-Jan-23,23,4.9,2023,Monday,
Call_7349,C0011,62,R05,31-Jan-23,99,3.6,2023,Tuesday,
Call_7350,C0009,79,R03,1-Feb-23,148,4.5,2023,Wednesday,
Call_7351,C0010,45,R04,1-Feb-23,34,3.7,2023,Wednesday,
Call_7352,C0011,137,R03,1-Feb-23,86,4.8,2023,Wednesday,
Call_7353,C0008,109,R05,1-Feb-23,105,3.3,2023,Wednesday,
Call_7354,C0004,78,R05,1-Feb-23,62,3.1,2023,Wednesday,
Call_7355,C0011,137,R04,1-Feb-23,90,4.1,2023,Wednesday,
Call_7356,C0014,99,R05,2-Feb-23,112,4.9,2023,Thursday,
Call_7357,C0015,100,R05,2-Feb-23,135,4,2023,Thursday,
Call_7358,C0004,47,R02,2-Feb-23,34,2.1,2023,Thursday,
Call_7359,C0008,87,R01,2-Feb-23,155,4.5,2023,Thursday,
Call_7360,C0014,143,R01,4-Feb-23,124,4.9,2023,Saturday,
Call_7361,C0015,84,R05,4-Feb-23,195,4.1,2023,Saturday,
Call_7362,C0001,55,R01,5-Feb-23,78,4.5,2023,Sunday,
Call_7363,C0007,135,R04,7-Feb-23,35,4.8,2023,Tuesday,
Call_7364,C0012,152,R02,7-Feb-23,123,4.6,2023,Tuesday,
Call_7365,C0005,132,R02,7-Feb-23,43,4.6,2023,Tuesday,
Call_7366,C0006,60,R05,8-Feb-23,69,4.3,2023,Wednesday,
Call_7367,C0012,95,R02,8-Feb-23,130,5,2023,Wednesday,
Call_7368,C0003,96,R03,8-Feb-23,120,4,2023,Wednesday,
Call_7369,C0001,45,R05,9-Feb-23,84,4.6,2023,Thursday,
Call_7370,C0003,132,R03,10-Feb-23,112,4.5,2023,Friday,
Call_7371,C0013,95,R05,10-Feb-23,66,4.6,2023,Friday,
Call_7372,C0012,131,R01,10-Feb-23,172,2.6,2023,Friday,
Call_7373,C0009,67,R04,11-Feb-23,24,4.3,2023,Saturday,
Call_7374,C0014,111,R01,12-Feb-23,43,3.9,2023,Sunday,
Call_7375,C0005,78,R02,12-Feb-23,23,5,2023,Sunday,
Call_7376,C0002,28,R03,12-Feb-23,74,3.5,2023,Sunday,
Call_7377,C0004,127,R04,13-Feb-23,165,4.7,2023,Monday,
Call_7378,C0015,137,R01,13-Feb-23,34,2.9,2023,Monday,
Call_7379,C0004,76,R03,13-Feb-23,64,3.4,2023,Monday,
Call_7380,C0005,80,R04,14-Feb-23,155,3.2,2023,Tuesday,
Call_7381,C0004,95,R02,15-Feb-23,120,4.8,2023,Wednesday,
Call_7382,C0006,30,R03,15-Feb-23,105,3.6,2023,Wednesday,
Call_7383,C0011,19,R01,15-Feb-23,28,4.9,2023,Wednesday,
Call_7384,C0010,38,R04,15-Feb-23,100,4.8,2023,Wednesday,
Call_7385,C0013,55,R01,15-Feb-23,23,3.6,2023,Wednesday,
Call_7386,C0009,27,R03,16-Feb-23,70,3.9,2023,Thursday,
Call_7387,C0009,32,R03,16-Feb-23,37,1.9,2023,Thursday,
Call_7388,C0002,116,R05,16-Feb-23,140,3.6,2023,Thursday,
Call_7389,C0003,99,R02,16-Feb-23,78,4.1,2023,Thursday,
Call_7390,C0004,75,R03,17-Feb-23,21,4.2,2023,Friday,
Call_7391,C0005,57,R05,17-Feb-23,88,4.3,2023,Friday,
Call_7392,C0007,155,R05,18-Feb-23,180,2.2,2023,Saturday,
Call_7393,C0003,68,R02,18-Feb-23,22,3.3,2023,Saturday,
Call_7394,C0010,95,R02,18-Feb-23,52,4.8,2023,Saturday,
Call_7395,C0015,65,R05,19-Feb-23,80,4,2023,Sunday,
Call_7396,C0011,114,R01,19-Feb-23,54,1.1,2023,Sunday,
Call_7397,C0004,155,R01,20-Feb-23,80,3.9,2023,Monday,
Call_7398,C0015,114,R05,21-Feb-23,120,1.8,2023,Tuesday,
Call_7399,C0007,130,R04,21-Feb-23,150,1,2023,Tuesday,
Call_7400,C0004,89,R05,21-Feb-23,90,4.3,2023,Tuesday,
Call_7401,C0001,61,R03,22-Feb-23,140,3.4,2023,Wednesday,
Call_7402,C0010,154,R01,22-Feb-23,22,3.4,2023,Wednesday,
Call_7403,C0015,115,R04,23-Feb-23,150,4.1,2023,Thursday,
Call_7404,C0008,138,R02,24-Feb-23,35,4.8,2023,Friday,
Call_7405,C0014,153,R05,24-Feb-23,200,2,2023,Friday,
Call_7406,C0015,61,R03,25-Feb-23,150,4.6,2023,Saturday,
Call_7407,C0009,62,R05,25-Feb-23,21,2.6,2023,Saturday,
Call_7408,C0001,151,R04,26-Feb-23,46,4.9,2023,Sunday,
Call_7409,C0012,102,R01,26-Feb-23,165,2.7,2023,Sunday,
Call_7410,C0006,64,R05,26-Feb-23,84,4.1,2023,Sunday,
Call_7411,C0004,6,R01,27-Feb-23,102,4.4,2023,Monday,
Call_7412,C0006,129,R05,27-Feb-23,180,4.8,2023,Monday,
Call_7413,C0009,42,R04,28-Feb-23,111,3,2023,Tuesday,
Call_7414,C0009,71,R03,28-Feb-23,104,3.1,2023,Tuesday,
Call_7415,C0005,53,R01,28-Feb-23,80,2.6,2023,Tuesday,
Call_7416,C0011,155,R03,1-Mar-23,132,4.6,2023,Wednesday,
Call_7417,C0011,90,R04,1-Mar-23,170,3.7,2023,Wednesday,
Call_7418,C0006,166,R02,1-Mar-23,36,3.8,2023,Wednesday,
Call_7419,C0002,89,R03,1-Mar-23,126,3.6,2023,Wednesday,
Call_7420,C0015,152,R01,1-Mar-23,215,4.4,2023,Wednesday,
Call_7421,C0002,137,R04,1-Mar-23,114,3.2,2023,Wednesday,
Call_7422,C0002,43,R04,1-Mar-23,99,4.7,2023,Wednesday,
Call_7423,C0010,114,R04,2-Mar-23,23,4.8,2023,Thursday,
Call_7424,C0014,103,R03,2-Mar-23,75,2.7,2023,Thursday,
Call_7425,C0002,98,R01,2-Mar-23,100,3.8,2023,Thursday,
Call_7426,C0006,106,R02,2-Mar-23,108,4.3,2023,Thursday,
Call_7427,C0004,96,R02,2-Mar-23,108,5,2023,Thursday,
Call_7428,C0014,70,R02,2-Mar-23,28,4.8,2023,Thursday,
Call_7429,C0009,86,R05,3-Mar-23,70,4.9,2023,Friday,
Call_7430,C0005,64,R05,3-Mar-23,172,4.1,2023,Friday,
Call_7431,C0004,113,R01,3-Mar-23,123,4.4,2023,Friday,
Call_7432,C0004,21,R02,3-Mar-23,93,3.4,2023,Friday,
Call_7433,C0012,107,R05,3-Mar-23,66,4,2023,Friday,
Call_7434,C0012,131,R02,3-Mar-23,39,2.4,2023,Friday,
Call_7435,C0003,11,R03,3-Mar-23,25,2.1,2023,Friday,
Call_7436,C0001,86,R01,3-Mar-23,68,3,2023,Friday,
Call_7437,C0005,28,R03,3-Mar-23,84,3.2,2023,Friday,
Call_7438,C0011,139,R02,4-Mar-23,88,3.4,2023,Saturday,
Call_7439,C0006,82,R01,4-Mar-23,93,2.7,2023,Saturday,
Call_7440,C0004,101,R03,4-Mar-23,128,5,2023,Saturday,
Call_7441,C0005,75,R04,4-Mar-23,40,3.4,2023,Saturday,
Call_7442,C0010,40,R03,5-Mar-23,92,4.7,2023,Sunday,
Call_7443,C0002,86,R02,5-Mar-23,27,4.5,2023,Sunday,
Call_7444,C0007,131,R05,5-Mar-23,140,4.1,2023,Sunday,
Call_7445,C0012,67,R01,5-Mar-23,40,5,2023,Sunday,
Call_7446,C0008,71,R03,5-Mar-23,102,4.7,2023,Sunday,
Call_7447,C0007,113,R05,5-Mar-23,42,4.2,2023,Sunday,
Call_7448,C0006,53,R02,6-Mar-23,210,3.9,2023,Monday,
Call_7449,C0007,153,R01,6-Mar-23,34,3,2023,Monday,
Call_7450,C0012,73,R04,6-Mar-23,215,3.6,2023,Monday,
Call_7451,C0009,62,R04,6-Mar-23,32,0.7,2023,Monday,
Call_7452,C0011,115,R02,7-Mar-23,48,4.7,2023,Tuesday,
Call_7453,C0007,69,R02,7-Mar-23,132,4.5,2023,Tuesday,
Call_7454,C0002,103,R05,7-Mar-23,172,4.3,2023,Tuesday,
Call_7455,C0002,75,R05,7-Mar-23,111,3.4,2023,Tuesday,
Call_7456,C0013,92,R05,7-Mar-23,58,3.6,2023,Tuesday,
Call_7457,C0013,41,R04,7-Mar-23,68,4,2023,Tuesday,
Call_7458,C0002,134,R01,7-Mar-23,160,4.5,2023,Tuesday,
Call_7459,C0001,80,R03,7-Mar-23,45,3,2023,Tuesday,
Call_7460,C0008,103,R02,8-Mar-23,117,3,2023,Wednesday,
Call_7461,C0006,20,R05,9-Mar-23,22,1.6,2023,Thursday,
Call_7462,C0008,75,R03,9-Mar-23,195,3,2023,Thursday,
Call_7463,C0013,80,R01,9-Mar-23,168,3.7,2023,Thursday,
Call_7464,C0007,85,R04,10-Mar-23,46,4.9,2023,Friday,
Call_7465,C0004,155,R05,10-Mar-23,164,3.4,2023,Friday,
Call_7466,C0007,63,R04,10-Mar-23,48,5,2023,Friday,
Call_7467,C0005,105,R02,10-Mar-23,96,5,2023,Friday,
Call_7468,C0007,71,R04,10-Mar-23,105,4,2023,Friday,
Call_7469,C0004,100,R04,11-Mar-23,44,3.6,2023,Saturday,
Call_7470,C0003,93,R01,11-Mar-23,132,3.7,2023,Saturday,
Call_7471,C0005,84,R05,11-Mar-23,54,4.2,2023,Saturday,
Call_7472,C0001,56,R03,11-Mar-23,129,2.1,2023,Saturday,
Call_7473,C0001,63,R04,11-Mar-23,42,4,2023,Saturday,
Call_7474,C0009,83,R04,11-Mar-23,42,4.2,2023,Saturday,
Call_7475,C0013,134,R05,11-Mar-23,180,3.1,2023,Saturday,
Call_7476,C0011,73,R04,12-Mar-23,34,4.8,2023,Sunday,
Call_7477,C0008,6,R03,12-Mar-23,29,4.7,2023,Sunday,
Call_7478,C0012,46,R02,12-Mar-23,165,3.3,2023,Sunday,
Call_7479,C0008,121,R04,13-Mar-23,32,3.7,2023,Monday,
Call_7480,C0001,61,R01,13-Mar-23,160,4.9,2023,Monday,
Call_7481,C0013,144,R05,13-Mar-23,140,3.5,2023,Monday,
Call_7482,C0012,145,R05,13-Mar-23,136,4.4,2023,Monday,
Call_7483,C0005,85,R03,13-Mar-23,66,2.8,2023,Monday,
Call_7484,C0012,13,R01,14-Mar-23,63,4.1,2023,Tuesday,
Call_7485,C0003,142,R04,14-Mar-23,44,3.5,2023,Tuesday,
Call_7486,C0013,28,R02,14-Mar-23,78,3.8,2023,Tuesday,
Call_7487,C0013,119,R04,14-Mar-23,20,3.9,2023,Tuesday,
Call_7488,C0008,65,R03,14-Mar-23,84,2.5,2023,Tuesday,
Call_7489,C0002,68,R03,14-Mar-23,32,4.9,2023,Tuesday,
Call_7490,C0009,72,R02,14-Mar-23,132,3.4,2023,Tuesday,
Call_7491,C0009,63,R05,14-Mar-23,105,3.3,2023,Tuesday,
Call_7492,C0004,139,R04,15-Mar-23,48,4.7,2023,Wednesday,
Call_7493,C0013,59,R04,15-Mar-23,64,4,2023,Wednesday,
Call_7494,C0006,138,R05,15-Mar-23,44,3.8,2023,Wednesday,
Call_7495,C0004,47,R02,15-Mar-23,120,3.1,2023,Wednesday,
Call_7496,C0006,74,R02,15-Mar-23,144,4.8,2023,Wednesday,
Call_7497,C0009,65,R02,15-Mar-23,87,2.7,2023,Wednesday,
Call_7498,C0011,123,R03,15-Mar-23,36,3.6,2023,Wednesday,
Call_7499,C0009,90,R04,16-Mar-23,72,4.7,2023,Thursday,
Call_7500,C0001,127,R05,16-Mar-23,150,4.4,2023,Thursday,
Call_7501,C0014,60,R02,16-Mar-23,68,4.3,2023,Thursday,
Call_7502,C0004,94,R05,16-Mar-23,99,4.9,2023,Thursday,
Call_7503,C0011,54,R02,16-Mar-23,26,4.8,2023,Thursday,
Call_7504,C0009,104,R02,16-Mar-23,88,3.2,2023,Thursday,
Call_7505,C0007,100,R02,16-Mar-23,124,3.4,2023,Thursday,
Call_7506,C0006,84,R02,16-Mar-23,72,3.5,2023,Thursday,
Call_7507,C0003,92,R01,17-Mar-23,125,4.9,2023,Friday,
Call_7508,C0010,64,R05,17-Mar-23,22,4.1,2023,Friday,
Call_7509,C0005,89,R04,18-Mar-23,70,4.9,2023,Saturday,
Call_7510,C0015,40,R02,18-Mar-23,24,4.3,2023,Saturday,
Call_7511,C0013,75,R03,18-Mar-23,32,4.1,2023,Saturday,
Call_7512,C0001,106,R01,18-Mar-23,112,4.4,2023,Saturday,
Call_7513,C0010,58,R02,19-Mar-23,43,4.5,2023,Sunday,
Call_7514,C0006,84,R01,19-Mar-23,22,3.5,2023,Sunday,
Call_7515,C0009,140,R01,19-Mar-23,93,4.4,2023,Sunday,
Call_7516,C0010,67,R01,19-Mar-23,45,3.5,2023,Sunday,
Call_7517,C0004,126,R01,20-Mar-23,96,3.8,2023,Monday,
Call_7518,C0004,89,R02,20-Mar-23,96,3.3,2023,Monday,
Call_7519,C0005,56,R05,20-Mar-23,31,4.4,2023,Monday,
Call_7520,C0011,48,R02,20-Mar-23,200,3.9,2023,Monday,
Call_7521,C0004,55,R05,20-Mar-23,99,2.7,2023,Monday,
Call_7522,C0014,88,R03,20-Mar-23,144,2.9,2023,Monday,
Call_7523,C0005,102,R01,21-Mar-23,81,4,2023,Tuesday,
Call_7524,C0014,155,R03,21-Mar-23,70,4.4,2023,Tuesday,
Call_7525,C0004,63,R03,21-Mar-23,148,5,2023,Tuesday,
Call_7526,C0007,59,R01,21-Mar-23,215,4.1,2023,Tuesday,
Call_7527,C0007,144,R02,21-Mar-23,124,4.4,2023,Tuesday,
Call_7528,C0006,113,R04,21-Mar-23,168,4.1,2023,Tuesday,
Call_7529,C0012,154,R05,21-Mar-23,90,4.5,2023,Tuesday,
Call_7530,C0012,58,R01,22-Mar-23,176,4.2,2023,Wednesday,
Call_7531,C0011,63,R03,22-Mar-23,87,4.6,2023,Wednesday,
Call_7532,C0009,59,R02,22-Mar-23,128,4.5,2023,Wednesday,
Call_7533,C0008,129,R03,22-Mar-23,120,4.1,2023,Wednesday,
Call_7534,C0002,101,R04,22-Mar-23,130,4.8,2023,Wednesday,
Call_7535,C0015,154,R02,22-Mar-23,172,3.1,2023,Wednesday,
Call_7536,C0010,131,R02,22-Mar-23,58,4.9,2023,Wednesday,
Call_7537,C0007,111,R04,23-Mar-23,86,4.1,2023,Thursday,
Call_7538,C0012,142,R04,24-Mar-23,31,4.4,2023,Friday,
Call_7539,C0005,93,R03,24-Mar-23,72,4.4,2023,Friday,
Call_7540,C0012,125,R05,25-Mar-23,27,3,2023,Saturday,
Call_7541,C0008,76,R02,25-Mar-23,110,4.4,2023,Saturday,
Call_7542,C0006,69,R03,25-Mar-23,126,3.7,2023,Saturday,
Call_7543,C0009,149,R05,25-Mar-23,60,3.9,2023,Saturday,
Call_7544,C0012,57,R03,25-Mar-23,35,3.5,2023,Saturday,
Call_7545,C0004,113,R02,25-Mar-23,81,3.5,2023,Saturday,
Call_7546,C0003,160,R05,25-Mar-23,116,3.4,2023,Saturday,
Call_7547,C0011,158,R01,25-Mar-23,60,4.5,2023,Saturday,
Call_7548,C0006,77,R05,26-Mar-23,130,4.2,2023,Sunday,
Call_7549,C0013,118,R04,26-Mar-23,99,5,2023,Sunday,
Call_7550,C0015,75,R02,26-Mar-23,135,4.7,2023,Sunday,
Call_7551,C0004,103,R05,26-Mar-23,42,2.8,2023,Sunday,
Call_7552,C0006,116,R04,27-Mar-23,63,3.4,2023,Monday,
Call_7553,C0007,61,R01,27-Mar-23,140,1.8,2023,Monday,
Call_7554,C0012,126,R02,27-Mar-23,128,4.2,2023,Monday,
Call_7555,C0002,141,R03,27-Mar-23,80,4.4,2023,Monday,
Call_7556,C0011,95,R04,27-Mar-23,28,2.7,2023,Monday,
Call_7557,C0015,39,R01,28-Mar-23,81,5,2023,Tuesday,
Call_7558,C0004,127,R02,28-Mar-23,99,3.9,2023,Tuesday,
Call_7559,C0007,78,R02,28-Mar-23,43,3.8,2023,Tuesday,
Call_7560,C0013,40,R02,28-Mar-23,34,4.6,2023,Tuesday,
Call_7561,C0007,56,R01,28-Mar-23,225,4.6,2023,Tuesday,
Call_7562,C0015,59,R03,28-Mar-23,210,4.5,2023,Tuesday,
Call_7563,C0012,30,R02,28-Mar-23,168,4.2,2023,Tuesday,
Call_7564,C0013,63,R05,29-Mar-23,82,4.5,2023,Wednesday,
Call_7565,C0005,56,R04,29-Mar-23,88,4.1,2023,Wednesday,
Call_7566,C0008,95,R05,29-Mar-23,111,3.3,2023,Wednesday,
Call_7567,C0001,128,R03,29-Mar-23,60,3.8,2023,Wednesday,
Call_7568,C0011,49,R05,29-Mar-23,80,3,2023,Wednesday,
Call_7569,C0001,89,R01,31-Mar-23,90,4.6,2023,Friday,
Call_7570,C0009,87,R05,31-Mar-23,225,2.9,2023,Friday,
Call_7571,C0003,60,R02,1-Apr-23,215,3.2,2023,Saturday,
Call_7572,C0014,42,R01,1-Apr-23,45,1.5,2023,Saturday,
Call_7573,C0010,99,R02,1-Apr-23,74,4,2023,Saturday,
Call_7574,C0005,20,R01,1-Apr-23,60,3.6,2023,Saturday,
Call_7575,C0013,65,R02,1-Apr-23,64,3.7,2023,Saturday,
Call_7576,C0012,71,R05,2-Apr-23,110,4.8,2023,Sunday,
Call_7577,C0004,95,R03,2-Apr-23,52,1.2,2023,Sunday,
Call_7578,C0005,81,R04,3-Apr-23,160,4.7,2023,Monday,
Call_7579,C0006,137,R04,3-Apr-23,215,4.7,2023,Monday,
Call_7580,C0006,40,R03,3-Apr-23,220,4.5,2023,Monday,
Call_7581,C0010,111,R02,4-Apr-23,175,3.5,2023,Tuesday,
Call_7582,C0012,106,R02,4-Apr-23,145,4.1,2023,Tuesday,
Call_7583,C0014,133,R01,4-Apr-23,72,4.4,2023,Tuesday,
Call_7584,C0007,38,R02,5-Apr-23,81,3.6,2023,Wednesday,
Call_7585,C0015,130,R03,5-Apr-23,54,4.1,2023,Wednesday,
Call_7586,C0013,23,R01,5-Apr-23,105,4.8,2023,Wednesday,
Call_7587,C0015,124,R02,6-Apr-23,176,3.9,2023,Thursday,
Call_7588,C0005,107,R02,6-Apr-23,115,3.8,2023,Thursday,
Call_7589,C0006,60,R05,6-Apr-23,116,3.9,2023,Thursday,
Call_7590,C0006,158,R03,6-Apr-23,100,4.1,2023,Thursday,
Call_7591,C0009,110,R03,7-Apr-23,36,2.2,2023,Friday,
Call_7592,C0001,70,R03,7-Apr-23,114,5,2023,Friday,
Call_7593,C0001,150,R05,7-Apr-23,24,3.8,2023,Friday,
Call_7594,C0007,36,R02,7-Apr-23,135,4.6,2023,Friday,
Call_7595,C0015,74,R02,7-Apr-23,30,4,2023,Friday,
Call_7596,C0004,75,R02,7-Apr-23,84,2.8,2023,Friday,
Call_7597,C0008,70,R04,7-Apr-23,42,4.4,2023,Friday,
Call_7598,C0009,23,R03,7-Apr-23,117,2.4,2023,Friday,
Call_7599,C0010,104,R01,7-Apr-23,164,4,2023,Friday,
Call_7600,C0001,95,R04,8-Apr-23,123,4.4,2023,Saturday,
Call_7601,C0011,49,R05,8-Apr-23,172,2.9,2023,Saturday,
Call_7602,C0012,8,R03,8-Apr-23,20,4.8,2023,Saturday,
Call_7603,C0001,157,R05,8-Apr-23,72,3.7,2023,Saturday,
Call_7604,C0005,74,R02,8-Apr-23,32,4.8,2023,Saturday,
Call_7605,C0009,72,R04,8-Apr-23,140,3.2,2023,Saturday,
Call_7606,C0005,79,R02,9-Apr-23,120,4.9,2023,Sunday,
Call_7607,C0015,23,R02,9-Apr-23,86,2.2,2023,Sunday,
Call_7608,C0004,69,R02,9-Apr-23,132,5,2023,Sunday,
Call_7609,C0006,64,R02,9-Apr-23,80,3.3,2023,Sunday,
Call_7610,C0002,47,R05,9-Apr-23,132,3.7,2023,Sunday,
Call_7611,C0005,55,R04,9-Apr-23,27,3.7,2023,Sunday,
Call_7612,C0010,104,R04,10-Apr-23,68,3.6,2023,Monday,
Call_7613,C0002,116,R02,10-Apr-23,22,4.7,2023,Monday,
Call_7614,C0015,99,R04,10-Apr-23,42,3.1,2023,Monday,
Call_7615,C0010,84,R04,11-Apr-23,38,3.3,2023,Tuesday,
Call_7616,C0012,159,R04,11-Apr-23,42,4.5,2023,Tuesday,
Call_7617,C0007,25,R05,11-Apr-23,75,3.9,2023,Tuesday,
Call_7618,C0012,53,R03,12-Apr-23,23,4.9,2023,Wednesday,
Call_7619,C0012,89,R05,12-Apr-23,200,4.8,2023,Wednesday,
Call_7620,C0014,73,R02,13-Apr-23,45,3.6,2023,Thursday,
Call_7621,C0015,50,R02,13-Apr-23,105,3.5,2023,Thursday,
Call_7622,C0011,98,R02,13-Apr-23,22,3.8,2023,Thursday,
Call_7623,C0013,114,R04,14-Apr-23,126,4.4,2023,Friday,
Call_7624,C0006,67,R04,14-Apr-23,35,3,2023,Friday,
Call_7625,C0005,91,R02,14-Apr-23,84,4.5,2023,Friday,
Call_7626,C0008,67,R02,15-Apr-23,172,4.5,2023,Saturday,
Call_7627,C0013,139,R05,15-Apr-23,114,4,2023,Saturday,
Call_7628,C0008,102,R05,15-Apr-23,60,3.8,2023,Saturday,
Call_7629,C0001,108,R01,15-Apr-23,26,3.3,2023,Saturday,
Call_7630,C0007,66,R02,15-Apr-23,210,4.3,2023,Saturday,
Call_7631,C0009,85,R05,15-Apr-23,129,4.2,2023,Saturday,
Call_7632,C0006,55,R01,15-Apr-23,215,4.3,2023,Saturday,
Call_7633,C0001,17,R03,15-Apr-23,69,4.6,2023,Saturday,
Call_7634,C0006,128,R03,15-Apr-23,140,3,2023,Saturday,
Call_7635,C0015,45,R01,16-Apr-23,156,2.7,2023,Sunday,
Call_7636,C0001,41,R03,16-Apr-23,164,3.1,2023,Sunday,
Call_7637,C0002,49,R03,16-Apr-23,195,2.6,2023,Sunday,
Call_7638,C0004,21,R04,16-Apr-23,74,4.6,2023,Sunday,
Call_7639,C0012,133,R01,16-Apr-23,100,4,2023,Sunday,
Call_7640,C0003,135,R02,16-Apr-23,185,4.5,2023,Sunday,
Call_7641,C0013,69,R01,16-Apr-23,130,1.9,2023,Sunday,
Call_7642,C0010,110,R04,17-Apr-23,21,2.6,2023,Monday,
Call_7643,C0008,64,R05,17-Apr-23,88,4.3,2023,Monday,
Call_7644,C0005,105,R03,17-Apr-23,35,4.4,2023,Monday,
Call_7645,C0008,165,R02,17-Apr-23,68,4.3,2023,Monday,
Call_7646,C0015,125,R02,17-Apr-23,148,4.5,2023,Monday,
Call_7647,C0005,88,R05,18-Apr-23,81,4.2,2023,Tuesday,
Call_7648,C0013,6,R05,18-Apr-23,75,3.9,2023,Tuesday,
Call_7649,C0009,69,R01,19-Apr-23,32,3.6,2023,Wednesday,
Call_7650,C0001,107,R01,19-Apr-23,156,3.8,2023,Wednesday,
Call_7651,C0004,90,R02,19-Apr-23,99,4.9,2023,Wednesday,
Call_7652,C0003,120,R03,19-Apr-23,26,4,2023,Wednesday,
Call_7653,C0011,47,R01,19-Apr-23,84,4.1,2023,Wednesday,
Call_7654,C0014,60,R03,19-Apr-23,84,4.8,2023,Wednesday,
Call_7655,C0006,64,R02,19-Apr-23,170,2.3,2023,Wednesday,
Call_7656,C0008,62,R01,19-Apr-23,35,4.4,2023,Wednesday,
Call_7657,C0010,88,R01,20-Apr-23,35,3.8,2023,Thursday,
Call_7658,C0015,116,R01,20-Apr-23,132,5,2023,Thursday,
Call_7659,C0004,82,R05,21-Apr-23,144,3.3,2023,Friday,
Call_7660,C0008,99,R02,21-Apr-23,48,5,2023,Friday,
Call_7661,C0008,55,R05,21-Apr-23,200,2.3,2023,Friday,
Call_7662,C0006,61,R03,21-Apr-23,38,4.8,2023,Friday,
Call_7663,C0015,36,R04,21-Apr-23,81,3.7,2023,Friday,
Call_7664,C0004,123,R01,21-Apr-23,120,4.2,2023,Friday,
Call_7665,C0002,24,R03,21-Apr-23,74,4.8,2023,Friday,
Call_7666,C0004,43,R01,22-Apr-23,128,4.7,2023,Saturday,
Call_7667,C0014,95,R02,22-Apr-23,21,3.9,2023,Saturday,
Call_7668,C0008,53,R01,22-Apr-23,110,4.3,2023,Saturday,
Call_7669,C0004,113,R01,22-Apr-23,145,4,2023,Saturday,
Call_7670,C0008,89,R04,22-Apr-23,129,4,2023,Saturday,
Call_7671,C0010,84,R05,22-Apr-23,156,3.2,2023,Saturday,
Call_7672,C0002,130,R01,23-Apr-23,120,3.8,2023,Sunday,
Call_7673,C0014,163,R04,23-Apr-23,62,3.4,2023,Sunday,
Call_7674,C0009,127,R01,23-Apr-23,160,3.2,2023,Sunday,
Call_7675,C0004,50,R01,23-Apr-23,56,4.7,2023,Sunday,
Call_7676,C0007,88,R03,23-Apr-23,72,4,2023,Sunday,
Call_7677,C0004,139,R02,24-Apr-23,81,4.8,2023,Monday,
Call_7678,C0014,111,R01,24-Apr-23,144,3.9,2023,Monday,
Call_7679,C0005,115,R02,24-Apr-23,111,4.3,2023,Monday,
Call_7680,C0008,26,R04,24-Apr-23,43,4.2,2023,Monday,
Call_7681,C0010,131,R03,24-Apr-23,41,4.9,2023,Monday,
Call_7682,C0005,27,R03,24-Apr-23,74,4,2023,Monday,
Call_7683,C0012,75,R01,24-Apr-23,43,4.9,2023,Monday,
Call_7684,C0006,123,R03,24-Apr-23,128,3.6,2023,Monday,
Call_7685,C0003,129,R03,25-Apr-23,144,4.1,2023,Tuesday,
Call_7686,C0012,124,R02,25-Apr-23,132,4.9,2023,Tuesday,
Call_7687,C0005,108,R02,25-Apr-23,180,3.9,2023,Tuesday,
Call_7688,C0011,15,R02,25-Apr-23,31,4.1,2023,Tuesday,
Call_7689,C0005,66,R02,25-Apr-23,102,3.8,2023,Tuesday,
Call_7690,C0007,126,R01,26-Apr-23,175,4.8,2023,Wednesday,
Call_7691,C0012,26,R05,26-Apr-23,87,4.7,2023,Wednesday,
Call_7692,C0002,105,R01,26-Apr-23,66,4.2,2023,Wednesday,
Call_7693,C0002,31,R01,26-Apr-23,25,3.2,2023,Wednesday,
Call_7694,C0005,109,R02,26-Apr-23,126,3.4,2023,Wednesday,
Call_7695,C0003,113,R04,27-Apr-23,42,4.6,2023,Thursday,
Call_7696,C0007,101,R05,27-Apr-23,225,1.9,2023,Thursday,
Call_7697,C0014,156,R05,27-Apr-23,42,3.3,2023,Thursday,
Call_7698,C0005,145,R04,28-Apr-23,110,3.1,2023,Friday,
Call_7699,C0006,36,R02,28-Apr-23,225,4.8,2023,Friday,
Call_7700,C0002,135,R03,29-Apr-23,125,3.3,2023,Saturday,
Call_7701,C0007,81,R02,29-Apr-23,78,2.9,2023,Saturday,
Call_7702,C0007,81,R04,29-Apr-23,40,2.4,2023,Saturday,
Call_7703,C0009,93,R01,29-Apr-23,150,4.6,2023,Saturday,
Call_7704,C0005,14,R02,29-Apr-23,96,4.8,2023,Saturday,
Call_7705,C0002,95,R04,30-Apr-23,75,4.8,2023,Sunday,
Call_7706,C0009,81,R04,30-Apr-23,60,3.6,2023,Sunday,
Call_7707,C0008,60,R02,1-May-23,41,4.8,2023,Monday,
Call_7708,C0013,137,R01,1-May-23,20,4.2,2023,Monday,
Call_7709,C0004,112,R03,1-May-23,84,2.6,2023,Monday,
Call_7710,C0002,76,R05,1-May-23,140,3.7,2023,Monday,
Call_7711,C0015,73,R02,1-May-23,66,4.8,2023,Monday,
Call_7712,C0010,119,R01,1-May-23,105,4.7,2023,Monday,
Call_7713,C0003,135,R04,2-May-23,104,4.1,2023,Tuesday,
Call_7714,C0013,41,R03,2-May-23,123,3.2,2023,Tuesday,
Call_7715,C0005,35,R04,3-May-23,215,4.3,2023,Wednesday,
Call_7716,C0003,96,R02,3-May-23,46,0.7,2023,Wednesday,
Call_7717,C0009,61,R03,3-May-23,115,3.7,2023,Wednesday,
Call_7718,C0003,91,R03,3-May-23,124,3.9,2023,Wednesday,
Call_7719,C0001,30,R03,4-May-23,205,4.5,2023,Thursday,
Call_7720,C0008,111,R01,4-May-23,90,2.8,2023,Thursday,
Call_7721,C0009,81,R02,4-May-23,92,4.9,2023,Thursday,
Call_7722,C0002,40,R04,6-May-23,108,4.2,2023,Saturday,
Call_7723,C0008,143,R04,6-May-23,54,4.4,2023,Saturday,
Call_7724,C0002,70,R04,7-May-23,44,3.5,2023,Sunday,
Call_7725,C0015,137,R04,7-May-23,44,4.7,2023,Sunday,
Call_7726,C0003,52,R02,8-May-23,37,4.9,2023,Monday,
Call_7727,C0004,31,R01,8-May-23,180,4.5,2023,Monday,
Call_7728,C0003,114,R03,8-May-23,105,4.9,2023,Monday,
Call_7729,C0015,73,R05,8-May-23,87,3.6,2023,Monday,
Call_7730,C0009,25,R01,8-May-23,52,3.8,2023,Monday,
Call_7731,C0011,44,R03,8-May-23,63,3.5,2023,Monday,
Call_7732,C0006,34,R02,9-May-23,195,4.8,2023,Tuesday,
Call_7733,C0008,89,R04,10-May-23,176,4.5,2023,Wednesday,
Call_7734,C0010,54,R01,11-May-23,31,3.3,2023,Thursday,
Call_7735,C0005,25,R01,12-May-23,27,3.2,2023,Friday,
Call_7736,C0013,91,R04,12-May-23,76,4.9,2023,Friday,
Call_7737,C0011,144,R03,12-May-23,62,4.8,2023,Friday,
Call_7738,C0013,81,R02,14-May-23,100,1.3,2023,Sunday,
Call_7739,C0001,92,R01,14-May-23,44,3.1,2023,Sunday,
Call_7740,C0005,115,R04,14-May-23,168,3.4,2023,Sunday,
Call_7741,C0007,56,R04,15-May-23,200,4.6,2023,Monday,
Call_7742,C0004,154,R01,15-May-23,84,4.3,2023,Monday,
Call_7743,C0008,51,R04,16-May-23,117,2.7,2023,Tuesday,
Call_7744,C0006,21,R02,16-May-23,63,4.2,2023,Tuesday,
Call_7745,C0005,80,R04,17-May-23,145,4.9,2023,Wednesday,
Call_7746,C0008,139,R01,17-May-23,220,3.2,2023,Wednesday,
Call_7747,C0002,50,R02,17-May-23,26,4.7,2023,Wednesday,
Call_7748,C0005,88,R04,17-May-23,78,4.3,2023,Wednesday,
Call_7749,C0010,19,R03,18-May-23,132,4.3,2023,Thursday,
Call_7750,C0009,104,R03,19-May-23,68,3.7,2023,Friday,
Call_7751,C0004,67,R01,21-May-23,129,4.7,2023,Sunday,
Call_7752,C0012,107,R03,21-May-23,115,4.9,2023,Sunday,
Call_7753,C0012,93,R03,21-May-23,128,3.9,2023,Sunday,
Call_7754,C0012,117,R01,21-May-23,90,4.5,2023,Sunday,
Call_7755,C0002,76,R04,22-May-23,39,4.6,2023,Monday,
Call_7756,C0010,64,R03,22-May-23,132,3.3,2023,Monday,
Call_7757,C0011,33,R03,22-May-23,170,3.8,2023,Monday,
Call_7758,C0012,115,R01,22-May-23,42,4.7,2023,Monday,
Call_7759,C0014,155,R04,23-May-23,37,4,2023,Tuesday,
Call_7760,C0004,117,R04,23-May-23,88,4.7,2023,Tuesday,
Call_7761,C0008,63,R04,23-May-23,80,2.5,2023,Tuesday,
Call_7762,C0010,59,R05,24-May-23,123,3.6,2023,Wednesday,
Call_7763,C0006,133,R03,24-May-23,31,3.7,2023,Wednesday,
Call_7764,C0001,101,R02,24-May-23,205,3.9,2023,Wednesday,
Call_7765,C0013,151,R04,25-May-23,123,3.7,2023,Thursday,
Call_7766,C0011,146,R03,25-May-23,123,4.3,2023,Thursday,
Call_7767,C0008,148,R03,25-May-23,36,2.9,2023,Thursday,
Call_7768,C0013,81,R03,25-May-23,116,4.3,2023,Thursday,
Call_7769,C0009,115,R03,25-May-23,40,4.9,2023,Thursday,
Call_7770,C0009,117,R04,25-May-23,40,4,2023,Thursday,
Call_7771,C0001,110,R01,26-May-23,82,4,2023,Friday,
Call_7772,C0002,103,R05,26-May-23,62,3.4,2023,Friday,
Call_7773,C0014,45,R05,26-May-23,135,3.9,2023,Friday,
Call_7774,C0001,110,R02,26-May-23,155,2.1,2023,Friday,
Call_7775,C0010,43,R01,26-May-23,37,4.9,2023,Friday,
Call_7776,C0001,104,R04,27-May-23,56,3.4,2023,Saturday,
Call_7777,C0001,101,R04,27-May-23,185,5,2023,Saturday,
Call_7778,C0003,55,R01,28-May-23,145,4.5,2023,Sunday,
Call_7779,C0013,40,R05,28-May-23,116,2.6,2023,Sunday,
Call_7780,C0010,122,R03,28-May-23,45,4.2,2023,Sunday,
Call_7781,C0011,98,R04,29-May-23,35,4.5,2023,Monday,
Call_7782,C0009,110,R05,29-May-23,100,4.4,2023,Monday,
Call_7783,C0009,62,R01,30-May-23,125,3.5,2023,Tuesday,
Call_7784,C0010,134,R03,30-May-23,120,3,2023,Tuesday,
Call_7785,C0015,94,R02,30-May-23,180,4.7,2023,Tuesday,
Call_7786,C0007,63,R05,30-May-23,44,3,2023,Tuesday,
Call_7787,C0006,95,R03,30-May-23,86,3.6,2023,Tuesday,
Call_7788,C0010,106,R03,31-May-23,120,4.1,2023,Wednesday,
Call_7789,C0014,94,R02,31-May-23,100,3.7,2023,Wednesday,
Call_7790,C0014,51,R02,1-Jun-23,108,4.5,2023,Thursday,
Call_7791,C0008,39,R02,1-Jun-23,46,4.6,2023,Thursday,
Call_7792,C0013,111,R03,1-Jun-23,210,4.3,2023,Thursday,
Call_7793,C0012,141,R01,3-Jun-23,54,4.8,2023,Saturday,
Call_7794,C0007,147,R03,3-Jun-23,115,4.7,2023,Saturday,
Call_7795,C0015,49,R02,4-Jun-23,100,2.2,2023,Sunday,
Call_7796,C0005,75,R03,4-Jun-23,38,4.4,2023,Sunday,
Call_7797,C0012,48,R01,5-Jun-23,120,4.1,2023,Monday,
Call_7798,C0009,48,R01,5-Jun-23,120,4.1,2023,Monday,
Call_7799,C0004,138,R02,5-Jun-23,29,4.4,2023,Monday,
Call_7800,C0006,144,R02,6-Jun-23,25,3.7,2023,Tuesday,
Call_7801,C0001,119,R03,7-Jun-23,116,3.8,2023,Wednesday,
Call_7802,C0004,101,R01,8-Jun-23,132,4.3,2023,Thursday,
Call_7803,C0006,59,R03,9-Jun-23,90,3.5,2023,Friday,
Call_7804,C0013,125,R05,9-Jun-23,87,4.1,2023,Friday,
Call_7805,C0010,147,R03,9-Jun-23,140,4.2,2023,Friday,
Call_7806,C0002,76,R03,9-Jun-23,164,4.5,2023,Friday,
Call_7807,C0007,99,R01,10-Jun-23,180,3.8,2023,Saturday,
Call_7808,C0008,111,R04,11-Jun-23,22,4.1,2023,Sunday,
Call_7809,C0011,147,R05,11-Jun-23,82,4.4,2023,Sunday,
Call_7810,C0003,141,R01,11-Jun-23,100,4.6,2023,Sunday,
Call_7811,C0002,71,R03,12-Jun-23,52,3.4,2023,Monday,
Call_7812,C0002,121,R05,13-Jun-23,84,4.6,2023,Tuesday,
Call_7813,C0002,60,R05,13-Jun-23,37,3.9,2023,Tuesday,
Call_7814,C0015,158,R01,14-Jun-23,190,4,2023,Wednesday,
Call_7815,C0010,159,R02,14-Jun-23,66,3.4,2023,Wednesday,
Call_7816,C0004,70,R03,15-Jun-23,116,3.2,2023,Thursday,
Call_7817,C0012,78,R04,15-Jun-23,28,3.9,2023,Thursday,
Call_7818,C0011,103,R03,15-Jun-23,120,5,2023,Thursday,
Call_7819,C0005,108,R01,15-Jun-23,56,3.5,2023,Thursday,
Call_7820,C0005,44,R05,15-Jun-23,170,3.8,2023,Thursday,
Call_7821,C0012,127,R01,16-Jun-23,200,4.8,2023,Friday,
Call_7822,C0011,132,R03,17-Jun-23,50,4.2,2023,Saturday,
Call_7823,C0003,106,R04,17-Jun-23,112,3.7,2023,Saturday,
Call_7824,C0008,107,R03,18-Jun-23,39,4.8,2023,Sunday,
Call_7825,C0010,85,R04,18-Jun-23,38,4.8,2023,Sunday,
Call_7826,C0007,49,R03,19-Jun-23,84,2.9,2023,Monday,
Call_7827,C0002,117,R01,20-Jun-23,82,3.5,2023,Tuesday,
Call_7828,C0008,136,R04,20-Jun-23,37,0.9,2023,Tuesday,
Call_7829,C0005,130,R02,21-Jun-23,87,3.4,2023,Wednesday,
Call_7830,C0005,73,R02,21-Jun-23,75,2.7,2023,Wednesday,
Call_7831,C0007,80,R03,21-Jun-23,32,4.7,2023,Wednesday,
Call_7832,C0001,44,R01,21-Jun-23,33,3,2023,Wednesday,
Call_7833,C0001,102,R05,21-Jun-23,76,4.2,2023,Wednesday,
Call_7834,C0015,74,R05,21-Jun-23,117,4.8,2023,Wednesday,
Call_7835,C0007,52,R01,23-Jun-23,70,4.1,2023,Friday,
Call_7836,C0007,74,R02,23-Jun-23,37,2.7,2023,Friday,
Call_7837,C0005,96,R05,23-Jun-23,46,2.9,2023,Friday,
Call_7838,C0013,104,R03,23-Jun-23,136,5,2023,Friday,
Call_7839,C0005,123,R05,24-Jun-23,44,4.6,2023,Saturday,
Call_7840,C0009,100,R04,24-Jun-23,69,3,2023,Saturday,
Call_7841,C0013,35,R01,25-Jun-23,86,4.6,2023,Sunday,
Call_7842,C0007,123,R03,25-Jun-23,68,4.5,2023,Sunday,
Call_7843,C0002,133,R01,26-Jun-23,21,3.7,2023,Monday,
Call_7844,C0005,126,R02,26-Jun-23,190,2.4,2023,Monday,
Call_7845,C0007,39,R05,26-Jun-23,176,4.3,2023,Monday,
Call_7846,C0015,31,R03,26-Jun-23,172,3.9,2023,Monday,
Call_7847,C0011,25,R01,26-Jun-23,84,4.5,2023,Monday,
Call_7848,C0004,132,R04,27-Jun-23,42,5,2023,Tuesday,
Call_7849,C0013,63,R02,27-Jun-23,70,1.6,2023,Tuesday,
Call_7850,C0009,135,R04,27-Jun-23,60,4.3,2023,Tuesday,
Call_7851,C0010,101,R02,27-Jun-23,84,3.5,2023,Tuesday,
Call_7852,C0002,80,R05,28-Jun-23,68,3.1,2023,Wednesday,
Call_7853,C0001,28,R05,28-Jun-23,44,2.9,2023,Wednesday,
Call_7854,C0010,102,R04,29-Jun-23,99,3.2,2023,Thursday,
Call_7855,C0013,60,R04,30-Jun-23,66,3.2,2023,Friday,
Call_7856,C0014,103,R04,30-Jun-23,102,4.5,2023,Friday,
Call_7857,C0002,90,R05,1-Jul-23,129,3.9,2024,Saturday,
Call_7858,C0012,88,R04,1-Jul-23,80,4.2,2024,Saturday,
Call_7859,C0014,37,R04,1-Jul-23,54,1.8,2024,Saturday,
Call_7860,C0001,142,R05,1-Jul-23,116,4.2,2024,Saturday,
Call_7861,C0001,153,R01,1-Jul-23,102,3.1,2024,Saturday,
Call_7862,C0006,128,R02,1-Jul-23,140,4.3,2024,Saturday,
Call_7863,C0013,110,R02,2-Jul-23,104,4.4,2024,Sunday,
Call_7864,C0006,139,R04,2-Jul-23,81,4.4,2024,Sunday,
Call_7865,C0010,109,R03,4-Jul-23,140,2.4,2024,Tuesday,
Call_7866,C0004,57,R05,5-Jul-23,120,3.5,2024,Wednesday,
Call_7867,C0010,68,R04,5-Jul-23,41,3.1,2024,Wednesday,
Call_7868,C0011,128,R04,5-Jul-23,116,2.3,2024,Wednesday,
Call_7869,C0003,102,R05,6-Jul-23,70,2.8,2024,Thursday,
Call_7870,C0006,52,R01,6-Jul-23,42,4.5,2024,Thursday,
Call_7871,C0011,55,R02,7-Jul-23,112,4.5,2024,Friday,
Call_7872,C0014,107,R04,7-Jul-23,20,4.5,2024,Friday,
Call_7873,C0002,88,R01,8-Jul-23,110,4.8,2024,Saturday,
Call_7874,C0007,49,R01,8-Jul-23,39,4.6,2024,Saturday,
Call_7875,C0002,72,R05,8-Jul-23,76,4.5,2024,Saturday,
Call_7876,C0004,50,R05,8-Jul-23,40,5,2024,Saturday,
Call_7877,C0002,52,R04,8-Jul-23,42,4.8,2024,Saturday,
Call_7878,C0005,85,R03,9-Jul-23,215,3.5,2024,Sunday,
Call_7879,C0009,98,R03,10-Jul-23,130,3.4,2024,Monday,
Call_7880,C0015,52,R03,10-Jul-23,190,3.3,2024,Monday,
Call_7881,C0011,154,R01,10-Jul-23,164,4.9,2024,Monday,
Call_7882,C0008,131,R02,11-Jul-23,76,4.5,2024,Tuesday,
Call_7883,C0005,73,R02,12-Jul-23,87,4.8,2024,Wednesday,
Call_7884,C0013,45,R03,12-Jul-23,84,4.8,2024,Wednesday,
Call_7885,C0006,114,R04,12-Jul-23,114,3.9,2024,Wednesday,
Call_7886,C0009,69,R02,13-Jul-23,56,3.9,2024,Thursday,
Call_7887,C0008,33,R01,13-Jul-23,27,3.7,2024,Thursday,
Call_7888,C0004,31,R05,14-Jul-23,84,4.8,2024,Friday,
Call_7889,C0013,168,R01,14-Jul-23,72,3.5,2024,Friday,
Call_7890,C0005,111,R04,15-Jul-23,126,4.2,2024,Saturday,
Call_7891,C0004,80,R01,16-Jul-23,88,4.9,2024,Sunday,
Call_7892,C0003,37,R01,16-Jul-23,124,4.6,2024,Sunday,
Call_7893,C0001,137,R01,17-Jul-23,84,2.6,2024,Monday,
Call_7894,C0009,123,R04,17-Jul-23,80,2.7,2024,Monday,
Call_7895,C0012,105,R04,18-Jul-23,176,4.7,2024,Tuesday,
Call_7896,C0003,76,R03,19-Jul-23,84,3.9,2024,Wednesday,
Call_7897,C0004,144,R03,19-Jul-23,164,2.8,2024,Wednesday,
Call_7898,C0008,109,R05,19-Jul-23,132,3.1,2024,Wednesday,
Call_7899,C0009,172,R01,20-Jul-23,27,4.2,2024,Thursday,
Call_7900,C0004,56,R04,20-Jul-23,27,4.3,2024,Thursday,
Call_7901,C0004,121,R02,20-Jul-23,20,2.7,2024,Thursday,
Call_7902,C0009,41,R04,21-Jul-23,112,2.3,2024,Friday,
Call_7903,C0014,60,R01,21-Jul-23,60,2.3,2024,Friday,
Call_7904,C0014,144,R01,22-Jul-23,102,2.9,2024,Saturday,
Call_7905,C0011,67,R01,22-Jul-23,38,4.2,2024,Saturday,
Call_7906,C0009,162,R05,22-Jul-23,82,4.6,2024,Saturday,
Call_7907,C0014,87,R02,25-Jul-23,125,4.5,2024,Tuesday,
Call_7908,C0015,10,R03,26-Jul-23,72,3.7,2024,Wednesday,
Call_7909,C0004,138,R03,26-Jul-23,195,4.1,2024,Wednesday,
Call_7910,C0009,31,R03,27-Jul-23,160,3.4,2024,Thursday,
Call_7911,C0012,75,R05,27-Jul-23,78,3.3,2024,Thursday,
Call_7912,C0003,65,R05,28-Jul-23,70,4.4,2024,Friday,
Call_7913,C0005,106,R04,28-Jul-23,105,4.2,2024,Friday,
Call_7914,C0003,107,R04,29-Jul-23,78,3.4,2024,Saturday,
Call_7915,C0001,78,R04,31-Jul-23,205,4.4,2024,Monday,
Call_7916,C0002,122,R04,31-Jul-23,78,2.7,2024,Monday,
Call_7917,C0004,58,R03,31-Jul-23,38,4.5,2024,Monday,
Call_7918,C0001,33,R01,31-Jul-23,92,1.7,2024,Monday,
Call_7919,C0008,164,R05,31-Jul-23,36,4.7,2024,Monday,
Call_7920,C0012,163,R02,31-Jul-23,76,4.4,2024,Monday,
Call_7921,C0007,71,R05,2-Aug-23,170,3.5,2024,Wednesday,
Call_7922,C0001,103,R03,3-Aug-23,117,4.7,2024,Thursday,
Call_7923,C0006,69,R02,3-Aug-23,20,4.3,2024,Thursday,
Call_7924,C0012,111,R03,3-Aug-23,99,4.1,2024,Thursday,
Call_7925,C0010,97,R02,4-Aug-23,105,2.9,2024,Friday,
Call_7926,C0013,144,R04,4-Aug-23,195,3.4,2024,Friday,
Call_7927,C0005,56,R02,5-Aug-23,152,4.6,2024,Saturday,
Call_7928,C0013,132,R04,6-Aug-23,195,4.9,2024,Sunday,
Call_7929,C0007,72,R01,6-Aug-23,70,3.6,2024,Sunday,
Call_7930,C0012,18,R01,6-Aug-23,22,3.5,2024,Sunday,
Call_7931,C0011,115,R03,7-Aug-23,40,3.3,2024,Monday,
Call_7932,C0011,124,R02,8-Aug-23,54,3.8,2024,Tuesday,
Call_7933,C0004,130,R02,8-Aug-23,60,2.5,2024,Tuesday,
Call_7934,C0015,120,R05,10-Aug-23,58,4.6,2024,Thursday,
Call_7935,C0010,75,R03,10-Aug-23,220,4.7,2024,Thursday,
Call_7936,C0003,63,R03,10-Aug-23,27,3.6,2024,Thursday,
Call_7937,C0013,74,R03,12-Aug-23,26,4.3,2024,Saturday,
Call_7938,C0006,134,R04,13-Aug-23,160,4.7,2024,Sunday,
Call_7939,C0012,103,R02,13-Aug-23,200,4.9,2024,Sunday,
Call_7940,C0012,155,R05,16-Aug-23,135,4.9,2024,Wednesday,
Call_7941,C0003,128,R02,17-Aug-23,22,1.9,2024,Thursday,
Call_7942,C0010,89,R04,18-Aug-23,164,4.5,2024,Friday,
Call_7943,C0011,81,R05,18-Aug-23,21,4.9,2024,Friday,
Call_7944,C0010,66,R04,19-Aug-23,120,4.5,2024,Saturday,
Call_7945,C0007,61,R01,19-Aug-23,93,2.7,2024,Saturday,
Call_7946,C0011,128,R01,19-Aug-23,135,2.1,2024,Saturday,
Call_7947,C0012,30,R05,19-Aug-23,210,4.2,2024,Saturday,
Call_7948,C0008,63,R01,20-Aug-23,29,4.7,2024,Sunday,
Call_7949,C0002,64,R03,20-Aug-23,111,3.9,2024,Sunday,
Call_7950,C0014,151,R02,21-Aug-23,63,4.1,2024,Monday,
Call_7951,C0001,116,R04,21-Aug-23,44,3.8,2024,Monday,
Call_7952,C0014,111,R04,23-Aug-23,120,1.8,2024,Wednesday,
Call_7953,C0011,15,R04,23-Aug-23,120,4.1,2024,Wednesday,
Call_7954,C0002,18,R02,24-Aug-23,40,4.4,2024,Thursday,
Call_7955,C0007,146,R01,24-Aug-23,160,4.1,2024,Thursday,
Call_7956,C0012,73,R04,25-Aug-23,44,3.8,2024,Friday,
Call_7957,C0014,108,R02,25-Aug-23,80,4.3,2024,Friday,
Call_7958,C0006,52,R02,26-Aug-23,66,4.5,2024,Saturday,
Call_7959,C0001,165,R03,26-Aug-23,82,3.4,2024,Saturday,
Call_7960,C0007,104,R04,26-Aug-23,66,4.8,2024,Saturday,
Call_7961,C0012,131,R01,26-Aug-23,92,4.9,2024,Saturday,
Call_7962,C0015,80,R03,27-Aug-23,104,4.7,2024,Sunday,
Call_7963,C0011,49,R04,27-Aug-23,105,3.3,2024,Sunday,
Call_7964,C0001,73,R04,27-Aug-23,100,2.8,2024,Sunday,
Call_7965,C0007,117,R03,27-Aug-23,90,4.1,2024,Sunday,
Call_7966,C0005,38,R05,27-Aug-23,110,3.5,2024,Sunday,
Call_7967,C0006,109,R03,29-Aug-23,68,2.3,2024,Tuesday,
Call_7968,C0011,70,R02,30-Aug-23,210,4.1,2024,Wednesday,
Call_7969,C0004,51,R05,30-Aug-23,111,4.3,2024,Wednesday,
Call_7970,C0004,100,R02,31-Aug-23,45,4.9,2024,Thursday,
Call_7971,C0013,124,R05,1-Sep-23,132,4,2024,Friday,
Call_7972,C0003,143,R03,1-Sep-23,20,4.7,2024,Friday,
Call_7973,C0010,96,R04,1-Sep-23,36,3.4,2024,Friday,
Call_7974,C0001,84,R02,3-Sep-23,72,4,2024,Sunday,
Call_7975,C0009,111,R02,3-Sep-23,63,4.5,2024,Sunday,
Call_7976,C0009,103,R05,4-Sep-23,44,4.5,2024,Monday,
Call_7977,C0003,61,R01,4-Sep-23,132,4.9,2024,Monday,
Call_7978,C0012,113,R04,4-Sep-23,46,4.4,2024,Monday,
Call_7979,C0012,96,R04,4-Sep-23,96,2.9,2024,Monday,
Call_7980,C0002,131,R05,5-Sep-23,75,4.4,2024,Tuesday,
Call_7981,C0007,52,R04,6-Sep-23,88,4.3,2024,Wednesday,
Call_7982,C0004,100,R05,6-Sep-23,24,4.7,2024,Wednesday,
Call_7983,C0014,58,R03,6-Sep-23,96,3.2,2024,Wednesday,
Call_7984,C0011,144,R03,7-Sep-23,124,2.3,2024,Thursday,
Call_7985,C0014,53,R01,8-Sep-23,130,3.6,2024,Friday,
Call_7986,C0012,97,R02,8-Sep-23,45,4.6,2024,Friday,
Call_7987,C0005,64,R03,8-Sep-23,66,4,2024,Friday,
Call_7988,C0003,106,R05,8-Sep-23,58,4.7,2024,Friday,
Call_7989,C0001,36,R03,9-Sep-23,152,4.3,2024,Saturday,
Call_7990,C0011,74,R04,9-Sep-23,75,2.8,2024,Saturday,
Call_7991,C0006,143,R02,9-Sep-23,78,4,2024,Saturday,
Call_7992,C0003,94,R01,9-Sep-23,69,3.9,2024,Saturday,
Call_7993,C0015,124,R05,10-Sep-23,46,3.1,2024,Sunday,
Call_7994,C0001,156,R03,10-Sep-23,64,2.7,2024,Sunday,
Call_7995,C0010,107,R02,10-Sep-23,38,4.7,2024,Sunday,
Call_7996,C0003,58,R02,12-Sep-23,90,4.3,2024,Tuesday,
Call_7997,C0013,66,R02,12-Sep-23,32,3.8,2024,Tuesday,
Call_7998,C0002,75,R03,12-Sep-23,120,4.4,2024,Tuesday,
Call_7999,C0010,8,R02,12-Sep-23,31,3.9,2024,Tuesday,
Call_8000,C0005,76,R03,13-Sep-23,108,4.9,2024,Wednesday,
Call_8001,C0003,110,R03,13-Sep-23,180,4.2,2024,Wednesday,
Call_8002,C0013,50,R01,14-Sep-23,124,4,2024,Thursday,
Call_8003,C0007,78,R01,14-Sep-23,23,4.2,2024,Thursday,
Call_8004,C0012,59,R05,15-Sep-23,24,4.8,2024,Friday,
Call_8005,C0007,126,R02,16-Sep-23,52,1.1,2024,Saturday,
Call_8006,C0005,43,R05,17-Sep-23,168,4,2024,Sunday,
Call_8007,C0001,79,R03,19-Sep-23,125,4.8,2024,Tuesday,
Call_8008,C0003,71,R05,20-Sep-23,50,4.2,2024,Wednesday,
Call_8009,C0009,94,R02,21-Sep-23,220,4.6,2024,Thursday,
Call_8010,C0010,108,R05,21-Sep-23,180,4,2024,Thursday,
Call_8011,C0005,76,R02,21-Sep-23,110,3.9,2024,Thursday,
Call_8012,C0012,136,R05,21-Sep-23,36,2.8,2024,Thursday,
Call_8013,C0004,129,R01,22-Sep-23,93,4.7,2024,Friday,
Call_8014,C0010,120,R05,22-Sep-23,38,4.2,2024,Friday,
Call_8015,C0005,108,R01,23-Sep-23,66,3.9,2024,Saturday,
Call_8016,C0007,79,R05,23-Sep-23,215,4.6,2024,Saturday,
Call_8017,C0007,45,R01,23-Sep-23,92,4.3,2024,Saturday,
Call_8018,C0011,96,R05,23-Sep-23,80,3.6,2024,Saturday,
Call_8019,C0011,81,R05,24-Sep-23,123,4.9,2024,Sunday,
Call_8020,C0012,95,R04,24-Sep-23,23,2.4,2024,Sunday,
Call_8021,C0015,159,R02,24-Sep-23,63,4.2,2024,Sunday,
Call_8022,C0008,109,R03,24-Sep-23,52,3.9,2024,Sunday,
Call_8023,C0007,107,R03,24-Sep-23,60,4.2,2024,Sunday,
Call_8024,C0011,67,R01,25-Sep-23,87,3.9,2024,Monday,
Call_8025,C0002,96,R05,26-Sep-23,42,4.5,2024,Tuesday,
Call_8026,C0006,142,R02,27-Sep-23,37,3.8,2024,Wednesday,
Call_8027,C0006,71,R04,27-Sep-23,135,3.9,2024,Wednesday,
Call_8028,C0002,152,R04,27-Sep-23,88,4.7,2024,Wednesday,
Call_8029,C0001,108,R02,27-Sep-23,190,3.2,2024,Wednesday,
Call_8030,C0001,156,R04,27-Sep-23,81,5,2024,Wednesday,
Call_8031,C0006,126,R02,27-Sep-23,44,3.7,2024,Wednesday,
Call_8032,C0005,135,R04,28-Sep-23,92,3.9,2024,Thursday,
Call_8033,C0006,110,R05,29-Sep-23,90,3.1,2024,Friday,
Call_8034,C0015,64,R04,29-Sep-23,112,2,2024,Friday,
Call_8035,C0009,127,R02,29-Sep-23,112,4.6,2024,Friday,
Call_8036,C0008,124,R01,29-Sep-23,48,3.7,2024,Friday,
Call_8037,C0015,125,R02,29-Sep-23,116,4.4,2024,Friday,
Call_8038,C0004,70,R02,29-Sep-23,29,2.1,2024,Friday,
Call_8039,C0009,93,R04,30-Sep-23,170,2.2,2024,Saturday,
Call_8040,C0004,120,R03,30-Sep-23,68,3.4,2024,Saturday,
Call_8041,C0011,96,R05,30-Sep-23,195,2.7,2024,Saturday,
Call_8042,C0014,67,R05,30-Sep-23,96,3.7,2024,Saturday,
Call_8043,C0015,119,R05,30-Sep-23,96,3.1,2024,Saturday,
Call_8044,C0008,61,R01,30-Sep-23,117,4.1,2024,Saturday,
Call_8045,C0011,29,R04,30-Sep-23,80,4.8,2024,Saturday,
Call_8046,C0002,134,R03,30-Sep-23,117,4,2024,Saturday,
Call_8047,C0006,113,R05,1-Oct-23,40,3,2024,Sunday,
Call_8048,C0001,12,R03,1-Oct-23,117,4.8,2024,Sunday,
Call_8049,C0013,78,R04,1-Oct-23,135,4.1,2024,Sunday,
Call_8050,C0015,82,R02,1-Oct-23,99,4.2,2024,Sunday,
Call_8051,C0010,149,R01,1-Oct-23,130,3.3,2024,Sunday,
Call_8052,C0007,56,R03,1-Oct-23,96,4.7,2024,Sunday,
Call_8053,C0011,80,R01,1-Oct-23,128,3.7,2024,Sunday,
Call_8054,C0008,131,R05,1-Oct-23,69,4.7,2024,Sunday,
Call_8055,C0008,109,R05,1-Oct-23,44,4.6,2024,Sunday,
Call_8056,C0007,142,R05,1-Oct-23,44,4.8,2024,Sunday,
Call_8057,C0009,114,R03,2-Oct-23,135,2,2024,Monday,
Call_8058,C0014,93,R01,2-Oct-23,45,3.9,2024,Monday,
Call_8059,C0001,43,R01,2-Oct-23,87,3,2024,Monday,
Call_8060,C0002,78,R04,3-Oct-23,84,4.6,2024,Tuesday,
Call_8061,C0009,89,R05,3-Oct-23,81,3.8,2024,Tuesday,
Call_8062,C0007,82,R02,3-Oct-23,130,4.4,2024,Tuesday,
Call_8063,C0011,86,R05,4-Oct-23,92,2.4,2024,Wednesday,
Call_8064,C0012,57,R04,4-Oct-23,48,4.5,2024,Wednesday,
Call_8065,C0014,103,R03,4-Oct-23,160,4.5,2024,Wednesday,
Call_8066,C0013,138,R04,5-Oct-23,155,2.7,2024,Thursday,
Call_8067,C0010,88,R02,5-Oct-23,100,4.9,2024,Thursday,
Call_8068,C0009,118,R01,5-Oct-23,56,3.7,2024,Thursday,
Call_8069,C0011,4,R05,5-Oct-23,170,3.9,2024,Thursday,
Call_8070,C0001,78,R03,6-Oct-23,74,3.5,2024,Friday,
Call_8071,C0006,69,R05,6-Oct-23,99,2.7,2024,Friday,
Call_8072,C0007,90,R04,6-Oct-23,84,3.9,2024,Friday,
Call_8073,C0006,134,R05,6-Oct-23,35,3.4,2024,Friday,
Call_8074,C0004,65,R01,6-Oct-23,150,5,2024,Friday,
Call_8075,C0005,54,R03,7-Oct-23,176,4.4,2024,Saturday,
Call_8076,C0005,90,R03,7-Oct-23,84,4.3,2024,Saturday,
Call_8077,C0007,66,R03,7-Oct-23,136,4.7,2024,Saturday,
Call_8078,C0011,150,R03,8-Oct-23,70,4.1,2024,Sunday,
Call_8079,C0002,18,R01,8-Oct-23,96,4.8,2024,Sunday,
Call_8080,C0005,87,R01,8-Oct-23,23,4.2,2024,Sunday,
Call_8081,C0013,94,R03,9-Oct-23,120,3.4,2024,Monday,
Call_8082,C0012,56,R03,9-Oct-23,205,3.3,2024,Monday,
Call_8083,C0009,41,R02,10-Oct-23,42,3.8,2024,Tuesday,
Call_8084,C0011,119,R04,10-Oct-23,111,3.9,2024,Tuesday,
Call_8085,C0014,108,R03,10-Oct-23,68,2.5,2024,Tuesday,
Call_8086,C0001,63,R05,10-Oct-23,172,4.9,2024,Tuesday,
Call_8087,C0015,59,R03,10-Oct-23,152,4.8,2024,Tuesday,
Call_8088,C0015,90,R02,10-Oct-23,48,4.7,2024,Tuesday,
Call_8089,C0010,55,R02,10-Oct-23,25,4.7,2024,Tuesday,
Call_8090,C0014,84,R04,11-Oct-23,54,3.3,2024,Wednesday,
Call_8091,C0014,150,R01,11-Oct-23,108,4.7,2024,Wednesday,
Call_8092,C0008,69,R03,11-Oct-23,36,4.5,2024,Wednesday,
Call_8093,C0003,120,R02,12-Oct-23,140,4.6,2024,Thursday,
Call_8094,C0005,126,R04,12-Oct-23,50,4.8,2024,Thursday,
Call_8095,C0008,120,R05,12-Oct-23,195,4.3,2024,Thursday,
Call_8096,C0005,139,R02,13-Oct-23,48,4.7,2024,Friday,
Call_8097,C0010,124,R03,14-Oct-23,29,4.8,2024,Saturday,
Call_8098,C0003,108,R05,14-Oct-23,44,4.7,2024,Saturday,
Call_8099,C0004,132,R01,14-Oct-23,140,4.3,2024,Saturday,
Call_8100,C0001,67,R01,14-Oct-23,105,3.8,2024,Saturday,
Call_8101,C0007,125,R01,14-Oct-23,82,4.6,2024,Saturday,
Call_8102,C0003,23,R05,14-Oct-23,24,2.9,2024,Saturday,
Call_8103,C0011,131,R03,15-Oct-23,205,4.8,2024,Sunday,
Call_8104,C0004,56,R02,15-Oct-23,225,4.9,2024,Sunday,
Call_8105,C0011,70,R03,15-Oct-23,50,3.4,2024,Sunday,
Call_8106,C0011,55,R01,15-Oct-23,80,4.3,2024,Sunday,
Call_8107,C0007,77,R02,15-Oct-23,78,3.9,2024,Sunday,
Call_8108,C0014,133,R03,16-Oct-23,40,3.9,2024,Monday,
Call_8109,C0007,77,R02,16-Oct-23,176,1.5,2024,Monday,
Call_8110,C0015,103,R03,16-Oct-23,78,3,2024,Monday,
Call_8111,C0008,32,R02,16-Oct-23,42,4.2,2024,Monday,
Call_8112,C0014,30,R03,16-Oct-23,38,3.7,2024,Monday,
Call_8113,C0005,87,R04,16-Oct-23,27,4.2,2024,Monday,
Call_8114,C0007,137,R05,17-Oct-23,45,4.4,2024,Tuesday,
Call_8115,C0013,96,R03,17-Oct-23,215,4,2024,Tuesday,
Call_8116,C0010,155,R03,18-Oct-23,72,4.7,2024,Wednesday,
Call_8117,C0014,173,R01,18-Oct-23,160,2.8,2024,Wednesday,
Call_8118,C0010,127,R03,18-Oct-23,165,2.5,2024,Wednesday,
Call_8119,C0004,117,R01,18-Oct-23,120,3.4,2024,Wednesday,
Call_8120,C0003,133,R02,18-Oct-23,117,4.8,2024,Wednesday,
Call_8121,C0002,166,R04,19-Oct-23,29,4.3,2024,Thursday,
Call_8122,C0003,50,R01,19-Oct-23,64,4.5,2024,Thursday,
Call_8123,C0015,43,R02,19-Oct-23,84,3.6,2024,Thursday,
Call_8124,C0013,124,R03,19-Oct-23,42,3.7,2024,Thursday,
Call_8125,C0014,94,R03,19-Oct-23,120,3.5,2024,Thursday,
Call_8126,C0015,126,R04,20-Oct-23,80,4.7,2024,Friday,
Call_8127,C0002,105,R01,20-Oct-23,185,3.5,2024,Friday,
Call_8128,C0011,60,R05,21-Oct-23,135,3.9,2024,Saturday,
Call_8129,C0011,72,R01,21-Oct-23,20,4.8,2024,Saturday,
Call_8130,C0012,40,R01,21-Oct-23,31,4,2024,Saturday,
Call_8131,C0008,54,R04,22-Oct-23,120,4.7,2024,Sunday,
Call_8132,C0004,81,R02,22-Oct-23,117,3.6,2024,Sunday,
Call_8133,C0008,76,R03,22-Oct-23,80,4.5,2024,Sunday,
Call_8134,C0008,37,R05,23-Oct-23,117,4,2024,Monday,
Call_8135,C0002,96,R04,23-Oct-23,60,4.5,2024,Monday,
Call_8136,C0011,19,R03,24-Oct-23,58,3.9,2024,Tuesday,
Call_8137,C0012,72,R05,24-Oct-23,41,4.3,2024,Tuesday,
Call_8138,C0014,73,R02,24-Oct-23,180,3.6,2024,Tuesday,
Call_8139,C0001,87,R02,24-Oct-23,42,3.6,2024,Tuesday,
Call_8140,C0001,68,R02,25-Oct-23,24,4,2024,Wednesday,
Call_8141,C0012,101,R02,25-Oct-23,125,4.2,2024,Wednesday,
Call_8142,C0012,107,R05,26-Oct-23,78,4.3,2024,Thursday,
Call_8143,C0009,109,R01,26-Oct-23,180,3.8,2024,Thursday,
Call_8144,C0013,171,R05,26-Oct-23,84,4.4,2024,Thursday,
Call_8145,C0011,21,R05,26-Oct-23,26,4.7,2024,Thursday,
Call_8146,C0004,94,R05,27-Oct-23,140,3.6,2024,Friday,
Call_8147,C0014,97,R01,27-Oct-23,31,2.2,2024,Friday,
Call_8148,C0002,72,R01,27-Oct-23,108,4.8,2024,Friday,
Call_8149,C0013,143,R04,28-Oct-23,58,4.3,2024,Saturday,
Call_8150,C0013,64,R01,28-Oct-23,185,2.2,2024,Saturday,
Call_8151,C0013,69,R01,28-Oct-23,40,4.8,2024,Saturday,
Call_8152,C0013,18,R03,28-Oct-23,225,2.6,2024,Saturday,
Call_8153,C0014,100,R04,28-Oct-23,150,2.6,2024,Saturday,
Call_8154,C0010,110,R02,29-Oct-23,88,3.4,2024,Sunday,
Call_8155,C0006,41,R05,29-Oct-23,140,3.7,2024,Sunday,
Call_8156,C0010,147,R02,29-Oct-23,68,2.1,2024,Sunday,
Call_8157,C0004,31,R03,30-Oct-23,105,3.6,2024,Monday,
Call_8158,C0001,142,R05,30-Oct-23,40,3.8,2024,Monday,
Call_8159,C0009,61,R05,30-Oct-23,82,3.1,2024,Monday,
Call_8160,C0003,86,R03,31-Oct-23,90,4.4,2024,Tuesday,
Call_8161,C0005,165,R04,1-Nov-23,66,4.8,2024,Wednesday,
Call_8162,C0008,62,R02,1-Nov-23,78,3.5,2024,Wednesday,
Call_8163,C0014,103,R04,2-Nov-23,66,4.4,2024,Thursday,
Call_8164,C0001,56,R03,3-Nov-23,160,3.8,2024,Friday,
Call_8165,C0012,114,R05,4-Nov-23,144,3.8,2024,Saturday,
Call_8166,C0001,112,R01,4-Nov-23,200,4.6,2024,Saturday,
Call_8167,C0007,52,R02,6-Nov-23,220,5,2024,Monday,
Call_8168,C0014,105,R04,7-Nov-23,112,3.2,2024,Tuesday,
Call_8169,C0005,91,R03,7-Nov-23,110,3.7,2024,Tuesday,
Call_8170,C0015,74,R05,8-Nov-23,160,2.7,2024,Wednesday,
Call_8171,C0015,30,R03,8-Nov-23,84,4,2024,Wednesday,
Call_8172,C0005,56,R02,8-Nov-23,124,2.6,2024,Wednesday,
Call_8173,C0015,151,R01,8-Nov-23,84,4.6,2024,Wednesday,
Call_8174,C0004,108,R04,9-Nov-23,130,2.7,2024,Thursday,
Call_8175,C0012,124,R05,9-Nov-23,215,3.5,2024,Thursday,
Call_8176,C0014,110,R02,10-Nov-23,132,3.6,2024,Friday,
Call_8177,C0010,89,R04,10-Nov-23,88,4.9,2024,Friday,
Call_8178,C0003,95,R02,10-Nov-23,140,3.9,2024,Friday,
Call_8179,C0015,84,R04,11-Nov-23,66,4.7,2024,Saturday,
Call_8180,C0002,89,R05,11-Nov-23,23,4.5,2024,Saturday,
Call_8181,C0010,146,R05,12-Nov-23,220,4.5,2024,Sunday,
Call_8182,C0013,62,R03,13-Nov-23,175,4.4,2024,Monday,
Call_8183,C0001,82,R05,13-Nov-23,172,4.1,2024,Monday,
Call_8184,C0009,91,R01,13-Nov-23,108,3.8,2024,Monday,
Call_8185,C0002,39,R05,14-Nov-23,43,4.2,2024,Tuesday,
Call_8186,C0010,149,R02,14-Nov-23,44,2.2,2024,Tuesday,
Call_8187,C0001,138,R03,14-Nov-23,105,3.9,2024,Tuesday,
Call_8188,C0013,113,R02,15-Nov-23,34,3.9,2024,Wednesday,
Call_8189,C0011,88,R05,15-Nov-23,220,4.1,2024,Wednesday,
Call_8190,C0003,64,R03,15-Nov-23,225,4.6,2024,Wednesday,
Call_8191,C0005,53,R03,16-Nov-23,37,4.1,2024,Thursday,
Call_8192,C0012,63,R02,16-Nov-23,44,5,2024,Thursday,
Call_8193,C0007,54,R02,17-Nov-23,35,2.8,2024,Friday,
Call_8194,C0012,54,R05,17-Nov-23,145,2.7,2024,Friday,
Call_8195,C0010,71,R03,17-Nov-23,64,3.9,2024,Friday,
Call_8196,C0012,93,R05,18-Nov-23,185,4.3,2024,Saturday,
Call_8197,C0014,96,R02,18-Nov-23,215,2.5,2024,Saturday,
Call_8198,C0002,31,R01,18-Nov-23,88,3.4,2024,Saturday,
Call_8199,C0012,107,R03,18-Nov-23,23,3.4,2024,Saturday,
Call_8200,C0005,50,R01,19-Nov-23,180,1.8,2024,Sunday,
Call_8201,C0001,69,R03,20-Nov-23,225,3.7,2024,Monday,
Call_8202,C0011,26,R02,21-Nov-23,74,4.1,2024,Tuesday,
Call_8203,C0014,158,R03,21-Nov-23,36,3,2024,Tuesday,
Call_8204,C0007,99,R03,23-Nov-23,116,3.9,2024,Thursday,
Call_8205,C0014,78,R01,23-Nov-23,140,4,2024,Thursday,
Call_8206,C0014,102,R02,24-Nov-23,104,4.5,2024,Friday,
Call_8207,C0007,158,R04,24-Nov-23,148,4,2024,Friday,
Call_8208,C0002,56,R03,24-Nov-23,205,4.3,2024,Friday,
Call_8209,C0004,17,R05,24-Nov-23,210,4.8,2024,Friday,
Call_8210,C0011,104,R04,26-Nov-23,41,4.7,2024,Sunday,
Call_8211,C0015,96,R01,26-Nov-23,136,5,2024,Sunday,
Call_8212,C0009,83,R02,27-Nov-23,126,1.5,2024,Monday,
Call_8213,C0005,80,R05,28-Nov-23,148,4.1,2024,Tuesday,
Call_8214,C0009,152,R02,28-Nov-23,125,3.9,2024,Tuesday,
Call_8215,C0010,34,R01,28-Nov-23,25,4.1,2024,Tuesday,
Call_8216,C0013,2,R03,29-Nov-23,62,2.8,2024,Wednesday,
Call_8217,C0005,140,R01,30-Nov-23,90,4.6,2024,Thursday,
Call_8218,C0004,126,R04,1-Dec-23,33,4.8,2024,Friday,
Call_8219,C0014,79,R03,1-Dec-23,115,2.3,2024,Friday,
Call_8220,C0004,133,R04,1-Dec-23,45,2.6,2024,Friday,
Call_8221,C0010,97,R05,1-Dec-23,114,4.8,2024,Friday,
Call_8222,C0014,102,R02,2-Dec-23,72,3.7,2024,Saturday,
Call_8223,C0006,62,R05,2-Dec-23,205,4.2,2024,Saturday,
Call_8224,C0004,149,R02,3-Dec-23,42,3.3,2024,Sunday,
Call_8225,C0013,133,R05,3-Dec-23,96,4.3,2024,Sunday,
Call_8226,C0014,51,R03,3-Dec-23,64,3.7,2024,Sunday,
Call_8227,C0006,110,R05,4-Dec-23,72,3.7,2024,Monday,
Call_8228,C0010,38,R04,5-Dec-23,27,3.1,2024,Tuesday,
Call_8229,C0013,78,R04,7-Dec-23,200,2.4,2024,Thursday,
Call_8230,C0010,25,R02,8-Dec-23,93,3.5,2024,Friday,
Call_8231,C0012,50,R03,8-Dec-23,54,4.3,2024,Friday,
Call_8232,C0010,103,R02,9-Dec-23,72,3.4,2024,Saturday,
Call_8233,C0009,63,R01,9-Dec-23,82,3.7,2024,Saturday,
Call_8234,C0012,96,R03,13-Dec-23,164,4.8,2024,Wednesday,
Call_8235,C0005,94,R02,13-Dec-23,78,3.3,2024,Wednesday,
Call_8236,C0006,46,R04,14-Dec-23,135,4.2,2024,Thursday,
Call_8237,C0008,127,R03,15-Dec-23,145,2.6,2024,Friday,
Call_8238,C0007,96,R04,15-Dec-23,115,4.9,2024,Friday,
Call_8239,C0001,151,R02,15-Dec-23,117,2,2024,Friday,
Call_8240,C0008,158,R05,16-Dec-23,36,4.7,2024,Saturday,
Call_8241,C0005,45,R05,16-Dec-23,84,2.8,2024,Saturday,
Call_8242,C0002,141,R05,16-Dec-23,66,3.2,2024,Saturday,
Call_8243,C0010,147,R04,16-Dec-23,76,4.7,2024,Saturday,
Call_8244,C0015,126,R04,16-Dec-23,185,4.8,2024,Saturday,
Call_8245,C0005,126,R01,17-Dec-23,80,4.7,2024,Sunday,
Call_8246,C0013,32,R04,17-Dec-23,148,4,2024,Sunday,
Call_8247,C0005,84,R03,19-Dec-23,180,4.9,2024,Tuesday,
Call_8248,C0009,120,R01,20-Dec-23,190,3.7,2024,Wednesday,
Call_8249,C0011,93,R04,20-Dec-23,38,4.5,2024,Wednesday,
Call_8250,C0007,76,R02,21-Dec-23,82,2.1,2024,Thursday,
Call_8251,C0008,89,R04,24-Dec-23,88,2.8,2024,Sunday,
Call_8252,C0014,91,R03,24-Dec-23,42,4.1,2024,Sunday,
Call_8253,C0006,7,R05,25-Dec-23,64,3.3,2024,Monday,
Call_8254,C0013,140,R05,25-Dec-23,105,1.7,2024,Monday,
Call_8255,C0004,58,R01,25-Dec-23,25,3.6,2024,Monday,
Call_8256,C0003,90,R02,26-Dec-23,176,3.6,2024,Tuesday,
Call_8257,C0003,106,R04,27-Dec-23,46,4.6,2024,Wednesday,
Call_8258,C0009,72,R05,27-Dec-23,164,4.8,2024,Wednesday,
Call_8259,C0006,124,R05,28-Dec-23,64,4.5,2024,Thursday,
Call_8260,C0002,86,R03,28-Dec-23,205,4.5,2024,Thursday,
Call_8261,C0005,164,R03,29-Dec-23,100,4.6,2024,Friday,
Call_8262,C0011,40,R02,29-Dec-23,111,4.6,2024,Friday,
Call_8263,C0014,76,R01,29-Dec-23,80,3.5,2024,Friday,
Call_8264,C0006,95,R04,29-Dec-23,50,2.9,2024,Friday,
Call_8265,C0014,113,R05,30-Dec-23,165,4.7,2024,Saturday,
Call_8266,C0002,81,R05,30-Dec-23,28,3.9,2024,Saturday,
Call_8267,C0007,127,R04,30-Dec-23,215,3.8,2024,Saturday,
Call_8268,C0013,146,R05,31-Dec-23,115,2.3,2024,Sunday,
Call_8269,C0010,123,R05,31-Dec-23,64,3.7,2024,Sunday,
Call_8270,C0009,114,R01,31-Dec-23,40,3.9,2024,Sunday,
